Timestamp,Order the following improvement projects according to your preference. Number 1 is your most preferred choice. You cannot select more than one option for each rank. [Lounge furniture in public spaces],Order the following improvement projects according to your preference. Number 1 is your most preferred choice. You cannot select more than one option for each rank. [More water bottle filler style fountains],Order the following improvement projects according to your preference. Number 1 is your most preferred choice. You cannot select more than one option for each rank. [Work tables in public spaces],Order the following improvement projects according to your preference. Number 1 is your most preferred choice. You cannot select more than one option for each rank. [Lost and found organizational system],Order the following improvement projects according to your preference. Number 1 is your most preferred choice. You cannot select more than one option for each rank. [An additional public printer]
1/14/2025 9:22:40,1,4,3,5,2
1/14/2025 10:15:13,3,2,1,4,5
1/14/2025 10:15:31,1,5,4,3,2
1/14/2025 10:20:38,1,5,3,4,2
1/14/2025 10:21:58,1,4,2,3,5
1/14/2025 10:24:32,1,5,2,4,3
1/14/2025 10:39:00,5,4,2,3,1
1/14/2025 10:39:05,4,5,3,2,1
1/14/2025 10:39:30,1,3,2,5,4
1/14/2025 11:13:06,3,1,4,5,2
1/14/2025 11:16:40,2,3,1,4,5
1/14/2025 11:22:14,2,5,3,4,1
1/14/2025 11:25:19,1,3,4,2,5
1/14/2025 11:42:08,1,5,2,4,3
1/14/2025 11:48:05,3,5,2,4,1
1/14/2025 11:50:03,4,1,3,5,2
1/14/2025 11:56:30,5,4,1,3,2
1/14/2025 11:57:57,1,4,2,5,3
1/14/2025 12:26:10,1,3,2,5,4
1/14/2025 12:35:14,3,4,1,5,2
1/14/2025 12:35:41,1,4,2,5,3
1/14/2025 12:38:02,4,1,5,3,2
1/14/2025 12:38:52,1,3,2,5,4
1/14/2025 12:40:11,1,5,2,4,3
1/14/2025 12:40:23,4,3,5,1,2
1/14/2025 12:40:52,1,4,3,5,2
1/14/2025 12:41:11,5,2,3,4,1
1/14/2025 12:42:03,2,4,1,5,3
1/14/2025 12:42:16,3,5,2,4,1
1/14/2025 12:58:47,5,3,1,2,4
1/14/2025 12:59:30,1,5,2,4,3
1/14/2025 13:01:35,1,4,2,5,3
1/14/2025 13:01:50,1,3,5,2,4
1/14/2025 13:08:02,2,4,5,3,1
1/14/2025 13:14:15,5,3,2,4,1
1/14/2025 13:15:21,5,4,1,3,2
1/14/2025 13:20:20,4,2,1,5,3
1/14/2025 13:23:22,3,5,1,4,2
1/14/2025 13:26:12,4,5,3,2,1
1/14/2025 13:27:25,1,4,2,5,3
1/14/2025 13:28:58,1,3,2,5,4
1/14/2025 13:30:19,2,3,4,5,1
1/14/2025 13:34:12,1,3,4,5,2
1/14/2025 13:36:17,3,4,2,5,1
1/14/2025 13:40:34,1,4,2,3,5
1/14/2025 13:59:56,2,5,3,4,1
1/14/2025 14:01:26,4,5,1,3,2
1/14/2025 14:02:43,1,4,2,5,3
1/14/2025 14:08:10,5,4,3,2,1
1/14/2025 14:09:09,1,2,4,3,5
1/14/2025 14:12:00,4,5,2,1,3
1/14/2025 14:18:47,2,5,1,3,4
1/14/2025 14:22:16,2,1,3,5,4
1/14/2025 14:40:41,4,5,3,1,2
1/14/2025 14:41:00,5,4,1,3,2
1/14/2025 14:47:13,1,5,2,4,3
1/14/2025 14:52:39,3,5,2,4,1
1/14/2025 14:52:56,1,3,2,5,4
1/14/2025 14:58:54,1,4,3,5,2
1/14/2025 14:59:20,1,2,4,5,3
1/14/2025 15:05:07,5,3,4,1,2
1/14/2025 15:13:59,1,5,2,3,4
1/14/2025 15:14:23,2,3,1,5,4
1/14/2025 15:15:58,1,2,3,5,4
1/14/2025 15:35:01,1,2,5,4,3
1/14/2025 15:36:35,2,3,1,5,4
1/14/2025 15:41:35,5,4,2,3,1
1/14/2025 15:43:36,5,4,1,3,2
1/14/2025 15:56:48,1,2,3,5,4
1/14/2025 16:09:30,5,1,3,2,4
1/14/2025 16:11:24,3,5,2,1,4
1/14/2025 16:19:22,1,3,2,5,4
1/14/2025 16:20:15,2,3,1,5,4
1/14/2025 16:26:50,1,3,2,4,5
1/14/2025 16:27:17,5,2,3,1,4
1/14/2025 16:28:40,5,3,1,4,2
1/14/2025 16:33:16,3,5,1,2,4
1/14/2025 16:41:10,3,5,4,2,1
1/14/2025 17:12:38,1,5,2,4,3
1/14/2025 17:20:57,4,5,3,2,1
1/14/2025 17:47:26,1,4,3,5,2
1/14/2025 18:09:07,5,4,1,3,2
1/14/2025 18:11:46,3,2,1,4,5
1/14/2025 18:14:13,3,4,2,5,1
1/14/2025 18:49:45,4,2,1,3,5
1/14/2025 18:55:24,5,1,2,4,3
1/14/2025 18:57:05,2,5,1,3,4
1/14/2025 19:25:22,3,5,2,4,1
1/14/2025 19:26:16,1,3,2,4,5
1/14/2025 19:45:30,2,5,1,4,3
1/14/2025 19:58:06,1,3,2,5,4
1/14/2025 20:10:33,3,4,2,5,1
1/14/2025 20:25:05,3,5,2,4,1
1/14/2025 20:25:46,2,5,3,4,1
1/14/2025 20:26:07,3,5,2,4,1
1/14/2025 20:27:05,1,3,4,2,5
1/14/2025 20:28:56,1,5,2,3,4
1/14/2025 20:49:53,4,2,1,3,5
1/14/2025 20:53:55,1,5,2,4,3
1/14/2025 20:57:36,1,5,2,4,3
1/14/2025 21:19:25,2,4,1,5,3
1/14/2025 21:23:33,5,2,4,3,1
1/14/2025 21:23:47,1,3,4,5,2
1/14/2025 21:24:01,1,4,2,5,3
1/14/2025 21:25:41,5,4,1,3,2
1/14/2025 21:26:43,2,3,1,4,5
1/14/2025 21:27:59,3,1,5,4,2
1/14/2025 21:34:07,2,1,3,5,4
1/14/2025 21:35:23,4,2,5,3,1
1/14/2025 21:44:55,3,4,1,5,2
1/14/2025 21:47:44,2,5,1,3,4
1/14/2025 21:52:27,4,2,1,5,3
1/14/2025 22:09:28,3,1,2,5,4
1/14/2025 22:49:40,2,1,3,4,5
1/14/2025 23:08:35,1,5,3,4,2
1/14/2025 23:09:49,4,3,1,5,2
1/14/2025 23:22:27,2,3,4,5,1
1/15/2025 7:03:04,3,4,2,5,1
1/15/2025 7:34:38,1,3,2,4,5
1/15/2025 7:36:04,1,2,3,4,5
1/15/2025 7:38:20,1,3,2,4,5
1/15/2025 7:50:51,3,1,2,5,4
1/15/2025 8:05:11,4,5,2,3,1
1/15/2025 8:05:17,3,2,4,5,1
1/15/2025 8:05:19,1,5,3,4,2
1/15/2025 8:05:29,1,5,3,4,2
1/15/2025 8:05:37,2,3,1,5,4
1/15/2025 8:05:47,3,5,4,2,1
1/15/2025 8:05:50,1,2,3,4,5
1/15/2025 8:05:56,5,2,3,4,1
1/15/2025 8:05:57,2,4,1,5,3
1/15/2025 8:05:58,2,4,1,5,3
1/15/2025 8:06:13,2,3,4,5,1
1/15/2025 8:06:14,3,1,4,5,2
1/15/2025 8:06:19,2,3,1,4,5
1/15/2025 8:06:20,3,1,2,5,4
1/15/2025 8:06:38,5,3,2,4,1
1/15/2025 8:06:51,3,4,2,5,1
1/15/2025 8:07:13,3,2,4,5,1
1/15/2025 8:07:43,1,4,2,3,5
1/15/2025 8:07:47,2,3,5,4,1
1/15/2025 8:08:28,1,2,3,5,4
1/15/2025 8:08:36,4,5,2,3,1
1/15/2025 8:08:43,4,3,1,5,2
1/15/2025 8:15:05,3,4,1,5,2
1/15/2025 8:15:12,1,4,2,5,3
1/15/2025 8:15:22,1,5,2,3,4
1/15/2025 8:15:46,2,5,4,3,1
1/15/2025 8:15:50,2,5,1,3,4
1/15/2025 8:16:13,1,4,3,5,2
1/15/2025 8:16:35,3,2,1,5,4
1/15/2025 8:16:54,1,4,2,5,3
1/15/2025 8:16:59,2,5,1,4,3
1/15/2025 8:17:00,1,2,5,3,4
1/15/2025 8:17:09,1,5,2,3,4
1/15/2025 8:17:19,2,3,4,5,1
1/15/2025 8:17:20,1,3,2,5,4
1/15/2025 8:17:38,4,5,3,2,1
1/15/2025 8:17:39,1,3,2,5,4
1/15/2025 8:17:39,1,3,2,4,5
1/15/2025 8:18:07,4,2,3,5,1
1/15/2025 8:18:23,1,3,2,4,5
1/15/2025 8:18:24,3,4,2,1,5
1/15/2025 8:33:33,1,3,2,5,4
1/15/2025 8:34:38,5,4,1,2,3
1/15/2025 8:39:54,1,2,4,5,3
1/15/2025 8:45:59,1,3,5,4,2
1/15/2025 8:47:39,1,5,3,4,2
1/15/2025 8:47:57,4,1,3,5,2
1/15/2025 8:48:06,1,5,4,2,3
1/15/2025 8:48:11,1,5,2,4,3
1/15/2025 8:48:12,1,3,2,5,4
1/15/2025 8:48:21,3,4,1,5,2
1/15/2025 8:48:28,5,2,4,3,1
1/15/2025 8:48:32,2,4,1,5,3
1/15/2025 8:48:35,5,3,2,1,4
1/15/2025 8:48:39,3,1,2,5,4
1/15/2025 8:48:38,5,2,4,3,1
1/15/2025 8:48:44,1,3,4,5,2
1/15/2025 8:48:48,1,2,5,4,3
1/15/2025 8:48:50,3,4,1,5,2
1/15/2025 8:48:58,2,5,3,4,1
1/15/2025 8:48:59,5,4,3,1,2
1/15/2025 8:48:58,3,1,4,5,2
1/15/2025 8:48:59,4,5,2,3,1
1/15/2025 8:49:35,3,4,1,5,2
1/15/2025 8:49:35,1,3,2,5,4
1/15/2025 8:49:40,3,2,4,1,5
1/15/2025 8:49:41,5,4,3,2,1
1/15/2025 8:49:53,5,2,1,3,4
1/15/2025 8:50:31,1,2,3,4,5
1/15/2025 8:50:35,2,4,3,5,1
1/15/2025 8:51:12,5,4,1,2,3
1/15/2025 8:51:14,1,2,3,4,5
1/15/2025 8:51:25,1,4,2,3,5
1/15/2025 8:52:30,4,5,2,3,1
1/15/2025 8:54:17,3,5,2,4,1
1/15/2025 8:55:18,4,3,5,2,1
1/15/2025 8:55:33,1,2,3,5,4
1/15/2025 8:56:05,1,5,3,2,4
1/15/2025 8:56:43,1,5,2,3,4
1/15/2025 8:56:50,5,3,4,1,2
1/15/2025 8:56:56,4,2,3,5,1
1/15/2025 8:57:54,1,4,2,5,3
1/15/2025 8:57:57,1,4,3,2,5
1/15/2025 8:57:57,4,5,1,3,2
1/15/2025 8:58:38,1,4,3,2,5
1/15/2025 8:59:20,1,4,3,5,2
1/15/2025 8:59:22,1,2,3,4,5
1/15/2025 9:00:03,3,5,1,4,2
1/15/2025 9:00:19,3,4,1,2,5
1/15/2025 9:00:20,1,4,2,3,5
1/15/2025 9:00:30,1,3,2,4,5
1/15/2025 9:01:09,1,3,2,5,4
1/15/2025 9:01:47,5,1,4,3,2
1/15/2025 9:01:58,4,1,5,3,2
1/15/2025 9:02:24,1,5,2,4,3
1/15/2025 9:02:59,4,1,3,2,5
1/15/2025 9:03:31,4,2,1,3,5
1/15/2025 9:04:50,1,5,2,4,3
1/15/2025 9:05:09,2,4,1,5,3
1/15/2025 9:06:06,1,2,4,5,3
1/15/2025 9:06:12,2,4,1,5,3
1/15/2025 9:06:16,3,5,1,4,2
1/15/2025 9:06:45,2,4,3,1,5
1/15/2025 9:08:40,3,4,1,5,2
1/15/2025 9:22:17,2,5,3,4,1
1/15/2025 9:22:44,2,4,1,5,3
1/15/2025 9:25:45,1,4,2,5,3
1/15/2025 9:26:33,5,3,1,2,4
1/15/2025 9:29:20,3,1,4,5,2
1/15/2025 9:30:23,4,2,5,3,1
1/15/2025 9:30:31,3,2,1,5,4
1/15/2025 9:32:11,1,3,2,5,4
1/15/2025 9:32:21,4,3,1,2,5
1/15/2025 9:32:27,2,5,1,3,4
1/15/2025 9:32:35,1,3,2,5,4
1/15/2025 9:32:46,4,1,3,5,2
1/15/2025 9:32:48,1,4,2,5,3
1/15/2025 9:32:55,1,4,3,5,2
1/15/2025 9:33:00,2,3,1,5,4
1/15/2025 9:33:02,1,3,2,5,4
1/15/2025 9:33:05,3,4,2,5,1
1/15/2025 9:33:07,1,3,2,5,4
1/15/2025 9:33:07,1,3,2,4,5
1/15/2025 9:33:10,3,5,1,4,2
1/15/2025 9:33:13,1,2,5,4,3
1/15/2025 9:33:20,3,4,5,1,2
1/15/2025 9:33:31,3,1,4,5,2
1/15/2025 9:33:32,3,5,2,4,1
1/15/2025 9:33:35,3,2,4,5,1
1/15/2025 9:33:42,2,1,3,5,4
1/15/2025 9:33:49,5,1,4,2,3
1/15/2025 9:33:50,2,5,4,3,1
1/15/2025 9:33:50,5,1,2,3,4
1/15/2025 9:33:51,4,5,1,2,3
1/15/2025 9:33:55,2,5,3,4,1
1/15/2025 9:33:56,2,3,5,4,1
1/15/2025 9:34:08,1,3,2,4,5
1/15/2025 9:34:12,2,1,4,5,3
1/15/2025 9:34:23,2,4,3,5,1
1/15/2025 9:35:24,2,1,3,5,4
1/15/2025 9:35:24,1,5,3,4,2
1/15/2025 9:35:41,2,5,3,4,1
1/15/2025 9:36:07,1,3,5,4,2
1/15/2025 9:36:08,2,5,3,4,1
1/15/2025 9:36:18,1,5,3,4,2
1/15/2025 9:36:23,3,2,4,5,1
1/15/2025 9:36:32,3,2,5,4,1
1/15/2025 9:36:35,5,1,2,3,4
1/15/2025 9:36:43,1,3,2,5,4
1/15/2025 9:36:44,1,5,2,4,3
1/15/2025 9:36:48,5,3,4,2,1
1/15/2025 9:37:01,1,5,3,4,2
1/15/2025 9:37:05,4,5,1,3,2
1/15/2025 9:37:06,2,5,1,3,4
1/15/2025 9:37:42,2,5,1,4,3
1/15/2025 9:37:44,5,4,3,1,2
1/15/2025 9:37:47,4,2,1,5,3
1/15/2025 9:37:50,2,4,5,1,3
1/15/2025 9:37:58,2,1,4,5,3
1/15/2025 9:38:02,4,1,3,5,2
1/15/2025 9:38:09,1,5,2,4,3
1/15/2025 9:38:09,1,5,4,3,2
1/15/2025 9:38:12,5,2,4,1,3
1/15/2025 9:38:14,1,3,2,5,4
1/15/2025 9:38:14,1,4,3,5,2
1/15/2025 9:38:16,1,5,2,4,3
1/15/2025 9:38:29,1,4,3,2,5
1/15/2025 9:38:37,3,1,2,5,4
1/15/2025 9:38:42,2,4,5,1,3
1/15/2025 9:38:44,2,5,3,1,4
1/15/2025 9:38:46,3,5,2,1,4
1/15/2025 9:38:46,1,2,3,4,5
1/15/2025 9:38:46,2,4,3,5,1
1/15/2025 9:39:01,5,2,3,4,1
1/15/2025 9:39:05,1,5,3,2,4
1/15/2025 9:39:06,1,4,2,5,3
1/15/2025 9:39:15,1,3,2,5,4
1/15/2025 9:39:18,1,4,3,5,2
1/15/2025 9:39:18,5,1,4,3,2
1/15/2025 9:39:19,3,5,2,4,1
1/15/2025 9:39:22,1,4,2,5,3
1/15/2025 9:39:25,1,5,2,4,3
1/15/2025 9:39:26,3,5,2,4,1
1/15/2025 9:39:32,2,4,1,5,3
1/15/2025 9:39:40,5,3,2,4,1
1/15/2025 9:39:45,1,5,3,4,2
1/15/2025 9:39:48,1,2,3,5,4
1/15/2025 9:39:55,3,5,1,4,2
1/15/2025 9:39:59,4,1,5,2,3
1/15/2025 9:39:59,2,5,3,4,1
1/15/2025 9:40:00,2,3,4,5,1
1/15/2025 9:40:03,1,2,3,4,5
1/15/2025 9:40:07,5,4,2,1,3
1/15/2025 9:40:11,1,4,2,5,3
1/15/2025 9:40:13,2,3,1,5,4
1/15/2025 9:40:19,1,3,2,4,5
1/15/2025 9:40:21,2,4,1,5,3
1/15/2025 9:40:23,2,4,1,5,3
1/15/2025 9:40:28,1,3,4,2,5
1/15/2025 9:40:44,1,3,4,5,2
1/15/2025 9:40:53,4,3,5,1,2
1/15/2025 9:41:01,2,4,1,5,3
1/15/2025 9:41:04,5,4,3,1,2
1/15/2025 9:41:11,5,1,4,3,2
1/15/2025 9:41:18,2,5,3,4,1
1/15/2025 9:41:19,2,1,3,4,5
1/15/2025 9:41:24,2,4,1,5,3
1/15/2025 9:41:51,4,5,3,2,1
1/15/2025 9:42:00,1,3,2,5,4
1/15/2025 9:42:07,3,4,2,1,5
1/15/2025 9:42:09,2,5,1,4,3
1/15/2025 9:42:38,1,3,2,4,5
1/15/2025 9:42:56,2,3,1,5,4
1/15/2025 9:42:58,2,3,1,4,5
1/15/2025 9:43:16,2,5,1,4,3
1/15/2025 9:43:16,4,5,1,3,2
1/15/2025 9:44:10,1,5,3,2,4
1/15/2025 9:44:30,3,5,1,2,4
1/15/2025 9:44:41,5,3,4,2,1
1/15/2025 9:44:51,1,4,5,3,2
1/15/2025 9:44:57,5,4,1,2,3
1/15/2025 9:45:07,2,4,3,1,5
1/15/2025 9:45:09,5,1,3,4,2
1/15/2025 9:45:24,1,4,2,3,5
1/15/2025 9:45:46,1,5,2,4,3
1/15/2025 9:46:09,5,4,2,3,1
1/15/2025 9:46:28,1,5,2,3,4
1/15/2025 9:46:47,2,5,1,4,3
1/15/2025 9:46:54,1,4,3,2,5
1/15/2025 9:49:36,1,2,4,5,3
1/15/2025 9:50:01,5,2,1,4,3
1/15/2025 9:51:06,5,2,3,1,4
1/15/2025 10:10:28,4,5,1,3,2
1/15/2025 10:10:42,4,5,1,3,2
1/15/2025 10:13:16,1,2,4,3,5
1/15/2025 10:15:55,2,3,4,5,1
1/15/2025 10:21:17,1,4,2,5,3
1/15/2025 10:21:32,3,4,1,2,5
1/15/2025 10:21:35,3,2,4,5,1
1/15/2025 10:21:37,1,2,3,5,4
1/15/2025 10:21:52,5,3,1,4,2
1/15/2025 10:22:01,1,4,3,2,5
1/15/2025 10:22:17,1,5,2,4,3
1/15/2025 10:22:50,5,4,2,3,1
1/15/2025 10:22:52,5,4,2,3,1
1/15/2025 10:22:58,2,4,3,5,1
1/15/2025 10:23:02,2,4,1,5,3
1/15/2025 10:24:00,1,3,2,4,5
1/15/2025 10:24:11,1,5,3,4,2
1/15/2025 10:24:12,3,2,4,5,1
1/15/2025 10:24:14,1,3,2,5,4
1/15/2025 10:24:27,1,2,5,4,3
1/15/2025 10:24:35,1,3,2,5,4
1/15/2025 10:24:38,1,4,3,2,5
1/15/2025 10:24:40,1,5,3,2,4
1/15/2025 10:24:41,5,3,2,4,1
1/15/2025 10:24:43,4,5,3,2,1
1/15/2025 10:24:46,5,1,2,4,3
1/15/2025 10:24:49,2,1,4,5,3
1/15/2025 10:24:51,5,2,3,4,1
1/15/2025 10:25:01,2,3,5,4,1
1/15/2025 10:25:01,1,2,3,5,4
1/15/2025 10:25:04,2,3,1,5,4
1/15/2025 10:25:06,3,2,1,4,5
1/15/2025 10:25:06,2,1,5,3,4
1/15/2025 10:25:07,1,4,5,3,2
1/15/2025 10:25:15,1,3,2,4,5
1/15/2025 10:25:34,1,5,2,4,3
1/15/2025 10:25:50,3,2,1,5,4
1/15/2025 10:25:51,3,5,1,4,2
1/15/2025 10:25:59,2,3,1,5,4
1/15/2025 10:26:03,1,3,4,5,2
1/15/2025 10:26:15,4,2,3,1,5
1/15/2025 10:26:48,2,3,5,4,1
1/15/2025 10:26:51,4,1,2,5,3
1/15/2025 10:26:57,2,3,5,4,1
1/15/2025 10:27:00,4,3,5,1,2
1/15/2025 10:27:05,1,2,4,3,5
1/15/2025 10:27:48,1,3,5,4,2
1/15/2025 10:27:57,3,1,2,5,4
1/15/2025 10:28:13,1,5,2,3,4
1/15/2025 10:28:17,2,4,1,5,3
1/15/2025 10:28:26,1,3,4,2,5
1/15/2025 10:28:28,2,4,5,1,3
1/15/2025 10:28:32,1,2,3,4,5
1/15/2025 10:28:32,2,4,1,5,3
1/15/2025 10:28:34,1,5,2,4,3
1/15/2025 10:28:42,1,3,2,5,4
1/15/2025 10:29:05,1,3,4,5,2
1/15/2025 10:29:09,2,5,4,3,1
1/15/2025 10:29:12,2,4,3,5,1
1/15/2025 10:29:15,2,5,1,4,3
1/15/2025 10:29:18,5,4,1,3,2
1/15/2025 10:29:23,4,2,3,5,1
1/15/2025 10:29:37,5,2,4,3,1
1/15/2025 10:29:40,2,3,1,5,4
1/15/2025 10:29:44,4,2,5,3,1
1/15/2025 10:29:46,1,5,2,3,4
1/15/2025 10:29:53,5,4,3,2,1
1/15/2025 10:29:59,5,2,4,1,3
1/15/2025 10:30:20,1,4,5,3,2
1/15/2025 10:30:21,4,5,1,3,2
1/15/2025 10:30:35,1,3,4,2,5
1/15/2025 10:30:36,5,2,4,1,3
1/15/2025 10:30:46,1,4,3,5,2
1/15/2025 10:31:22,2,4,3,1,5
1/15/2025 10:31:26,2,5,1,3,4
1/15/2025 10:31:34,4,2,5,1,3
1/15/2025 10:31:36,2,5,3,4,1
1/15/2025 10:32:19,2,4,1,5,3
1/15/2025 10:33:25,1,3,2,4,5
1/15/2025 10:33:26,3,2,1,5,4
1/15/2025 10:34:56,3,5,2,4,1
1/15/2025 10:37:22,1,3,2,5,4
1/15/2025 10:39:37,3,4,1,5,2
1/15/2025 10:40:40,1,5,3,2,4
1/15/2025 10:53:02,4,5,1,3,2
1/15/2025 10:54:31,2,4,3,5,1
1/15/2025 10:54:49,2,5,1,4,3
1/15/2025 10:57:16,3,1,4,5,2
1/15/2025 10:59:08,1,5,2,4,3
1/15/2025 11:01:29,1,4,5,3,2
1/15/2025 11:01:32,4,1,3,5,2
1/15/2025 11:05:08,4,1,3,5,2
1/15/2025 11:05:56,2,4,3,5,1
1/15/2025 11:06:34,5,4,2,3,1
1/15/2025 11:06:57,3,5,2,4,1
1/15/2025 11:07:00,5,3,2,4,1
1/15/2025 11:07:03,2,3,1,5,4
1/15/2025 11:07:04,3,4,1,5,2
1/15/2025 11:07:11,1,2,3,5,4
1/15/2025 11:07:14,1,5,2,4,3
1/15/2025 11:07:25,1,3,2,5,4
1/15/2025 11:07:33,2,4,3,5,1
1/15/2025 11:07:37,5,2,4,1,3
1/15/2025 11:07:42,3,2,4,5,1
1/15/2025 11:07:46,2,4,1,5,3
1/15/2025 11:07:48,4,5,1,2,3
1/15/2025 11:07:52,2,1,3,4,5
1/15/2025 11:08:00,1,3,2,4,5
1/15/2025 11:08:01,1,4,2,5,3
1/15/2025 11:08:05,5,4,3,2,1
1/15/2025 11:08:09,2,3,1,4,5
1/15/2025 11:08:11,4,2,5,3,1
1/15/2025 11:08:11,2,3,1,5,4
1/15/2025 11:08:13,1,2,5,4,3
1/15/2025 11:08:13,1,2,4,5,3
1/15/2025 11:08:16,1,4,2,3,5
1/15/2025 11:08:23,2,4,1,3,5
1/15/2025 11:08:28,4,5,2,3,1
1/15/2025 11:08:31,4,5,2,3,1
1/15/2025 11:08:32,4,3,5,2,1
1/15/2025 11:08:39,1,4,2,5,3
1/15/2025 11:08:41,4,2,3,5,1
1/15/2025 11:08:42,5,4,3,1,2
1/15/2025 11:08:43,2,5,1,4,3
1/15/2025 11:08:52,1,3,2,5,4
1/15/2025 11:09:06,4,5,2,3,1
1/15/2025 11:09:29,4,3,2,5,1
1/15/2025 11:09:30,5,4,1,3,2
1/15/2025 11:09:30,2,4,3,5,1
1/15/2025 11:09:37,1,3,2,4,5
1/15/2025 11:09:59,2,4,3,1,5
1/15/2025 11:09:59,2,5,1,3,4
1/15/2025 11:10:05,1,4,3,2,5
1/15/2025 11:10:07,1,4,2,3,5
1/15/2025 11:10:09,4,2,3,5,1
1/15/2025 11:10:16,2,1,4,5,3
1/15/2025 11:10:38,1,3,2,5,4
1/15/2025 11:10:41,1,5,2,4,3
1/15/2025 11:10:39,5,2,4,1,3
1/15/2025 11:10:51,2,3,1,4,5
1/15/2025 11:10:54,3,5,1,2,4
1/15/2025 11:10:55,5,1,2,3,4
1/15/2025 11:11:00,1,4,2,3,5
1/15/2025 11:11:03,3,4,2,5,1
1/15/2025 11:11:16,1,5,2,3,4
1/15/2025 11:11:19,1,5,3,4,2
1/15/2025 11:11:23,3,5,2,4,1
1/15/2025 11:11:32,4,3,2,5,1
1/15/2025 11:11:39,5,4,2,3,1
1/15/2025 11:11:44,1,5,4,2,3
1/15/2025 11:11:45,2,5,4,3,1
1/15/2025 11:11:49,1,4,2,5,3
1/15/2025 11:11:56,1,4,3,5,2
1/15/2025 11:11:57,3,4,2,5,1
1/15/2025 11:12:04,3,5,1,2,4
1/15/2025 11:12:14,1,5,2,3,4
1/15/2025 11:12:15,3,5,1,4,2
1/15/2025 11:12:15,1,2,3,5,4
1/15/2025 11:12:21,1,2,3,5,4
1/15/2025 11:12:25,1,5,2,3,4
1/15/2025 11:12:25,2,3,1,5,4
1/15/2025 11:12:42,2,4,1,5,3
1/15/2025 11:12:47,2,1,3,5,4
1/15/2025 11:12:49,2,3,4,5,1
1/15/2025 11:12:49,4,1,2,5,3
1/15/2025 11:12:54,2,3,1,5,4
1/15/2025 11:13:00,5,3,1,2,4
1/15/2025 11:13:03,2,4,1,5,3
1/15/2025 11:13:12,2,4,5,3,1
1/15/2025 11:13:21,1,5,2,4,3
1/15/2025 11:13:38,2,1,3,5,4
1/15/2025 11:13:41,3,4,2,5,1
1/15/2025 11:14:05,4,3,1,5,2
1/15/2025 11:14:17,5,4,3,2,1
1/15/2025 11:14:24,5,3,1,2,4
1/15/2025 11:14:27,3,1,2,5,4
1/15/2025 11:14:27,3,5,2,1,4
1/15/2025 11:14:37,5,4,1,2,3
1/15/2025 11:14:43,1,3,4,5,2
1/15/2025 11:14:57,5,3,2,4,1
1/15/2025 11:15:50,1,2,4,5,3
1/15/2025 11:16:14,4,3,2,5,1
1/15/2025 11:16:41,1,3,2,5,4
1/15/2025 11:17:32,4,1,3,5,2
1/15/2025 11:18:15,5,2,1,3,4
1/15/2025 11:18:47,3,4,2,5,1
1/15/2025 11:20:33,1,4,2,5,3
1/15/2025 11:21:03,1,3,2,5,4
1/15/2025 11:22:30,5,2,3,1,4
1/15/2025 11:22:54,1,3,4,5,2
1/15/2025 11:28:44,2,5,3,4,1
1/15/2025 11:37:47,1,5,3,2,4
1/15/2025 11:45:34,3,4,2,5,1
1/15/2025 11:46:12,1,3,2,4,5
1/15/2025 11:47:41,2,5,1,4,3
1/15/2025 11:47:43,3,1,4,2,5
1/15/2025 11:48:05,1,3,4,5,2
1/15/2025 11:49:47,1,2,4,5,3
1/15/2025 11:52:56,5,4,1,3,2
1/15/2025 11:53:05,1,5,3,4,2
1/15/2025 11:53:08,1,2,3,4,5
1/15/2025 11:53:35,1,3,2,5,4
1/15/2025 11:53:36,1,5,3,4,2
1/15/2025 11:53:43,2,4,1,5,3
1/15/2025 11:53:50,2,4,1,5,3
1/15/2025 11:53:51,5,1,4,3,2
1/15/2025 11:53:55,3,5,2,4,1
1/15/2025 11:54:00,5,2,3,4,1
1/15/2025 11:54:06,4,3,5,2,1
1/15/2025 11:54:11,4,1,2,5,3
1/15/2025 11:54:14,1,3,5,4,2
1/15/2025 11:54:14,1,3,2,5,4
1/15/2025 11:54:19,3,4,2,5,1
1/15/2025 11:54:25,5,4,1,3,2
1/15/2025 11:54:32,4,2,3,5,1
1/15/2025 11:54:33,3,5,4,1,2
1/15/2025 11:54:46,1,3,4,5,2
1/15/2025 11:54:48,3,4,5,1,2
1/15/2025 11:54:54,3,5,2,4,1
1/15/2025 11:54:55,1,2,3,4,5
1/15/2025 11:55:04,3,2,4,5,1
1/15/2025 11:55:10,3,1,2,5,4
1/15/2025 11:55:10,5,3,2,4,1
1/15/2025 11:55:20,4,1,3,5,2
1/15/2025 11:55:21,2,5,1,4,3
1/15/2025 11:55:28,1,2,4,5,3
1/15/2025 11:55:29,1,5,3,2,4
1/15/2025 11:55:29,1,2,3,5,4
1/15/2025 11:55:33,2,5,1,4,3
1/15/2025 11:56:10,5,3,2,4,1
1/15/2025 11:56:14,3,1,4,5,2
1/15/2025 11:56:15,2,1,5,4,3
1/15/2025 11:56:17,1,3,2,5,4
1/15/2025 11:56:24,2,4,3,5,1
1/15/2025 11:56:32,1,3,4,5,2
1/15/2025 11:56:44,1,2,3,4,5
1/15/2025 11:56:55,4,5,1,3,2
1/15/2025 11:57:07,2,4,3,5,1
1/15/2025 12:02:14,4,3,1,5,2
1/15/2025 12:02:32,1,5,4,2,3
1/15/2025 12:03:25,2,3,1,5,4
1/15/2025 12:03:33,3,5,1,4,2
1/15/2025 12:03:42,1,3,5,4,2
1/15/2025 12:03:49,1,2,3,4,5
1/15/2025 12:04:08,2,5,1,4,3
1/15/2025 12:04:52,2,3,1,4,5
1/15/2025 12:05:18,2,5,1,3,4
1/15/2025 12:05:31,1,3,4,5,2
1/15/2025 12:05:34,1,4,2,3,5
1/15/2025 12:05:43,3,2,5,1,4
1/15/2025 12:05:45,1,4,3,2,5
1/15/2025 12:05:49,2,3,1,4,5
1/15/2025 12:05:50,2,4,1,3,5
1/15/2025 12:06:00,1,4,3,2,5
1/15/2025 12:06:02,5,2,4,1,3
1/15/2025 12:06:09,5,2,4,3,1
1/15/2025 12:06:18,2,3,1,4,5
1/15/2025 12:06:25,3,4,1,2,5
1/15/2025 12:06:47,2,5,4,1,3
1/15/2025 12:06:56,2,5,1,3,4
1/15/2025 12:07:04,1,4,3,2,5
1/15/2025 12:07:05,3,2,1,5,4
1/15/2025 12:07:05,3,2,1,5,4
1/15/2025 12:07:13,2,4,5,3,1
1/15/2025 12:07:14,4,2,1,5,3
1/15/2025 12:07:20,5,4,2,3,1
1/15/2025 12:07:30,3,4,2,5,1
1/15/2025 12:07:44,1,2,3,5,4
1/15/2025 12:08:09,4,2,3,5,1
1/15/2025 12:08:16,5,2,4,1,3
1/15/2025 12:08:43,5,3,1,4,2
1/15/2025 12:09:37,3,2,5,1,4
1/15/2025 12:09:51,3,2,4,5,1
1/15/2025 12:29:33,1,3,5,2,4
1/15/2025 12:33:29,3,4,2,5,1
1/15/2025 12:37:34,3,4,1,2,5
1/15/2025 12:37:39,4,2,3,5,1
1/15/2025 12:37:44,1,2,3,4,5
1/15/2025 12:37:44,1,5,3,4,2
1/15/2025 12:37:53,2,3,1,5,4
1/15/2025 12:38:01,5,3,4,2,1
1/15/2025 12:38:14,1,3,2,5,4
1/15/2025 12:38:52,5,3,2,4,1
1/15/2025 12:39:03,2,5,3,4,1
1/15/2025 12:39:30,4,2,5,3,1
1/15/2025 12:40:47,2,5,4,3,1
1/15/2025 12:40:51,2,1,4,5,3
1/15/2025 12:41:10,4,1,2,5,3
1/15/2025 12:41:33,4,3,2,5,1
1/15/2025 12:42:16,1,5,2,3,4
1/15/2025 12:42:18,2,5,1,4,3
1/15/2025 12:42:18,2,5,1,4,3
1/15/2025 12:42:29,5,2,1,4,3
1/15/2025 12:42:39,3,4,2,5,1
1/15/2025 12:43:28,1,4,2,5,3
1/15/2025 12:44:00,1,4,2,3,5
1/15/2025 12:44:46,1,5,2,3,4
1/15/2025 12:45:41,3,2,1,5,4
1/15/2025 12:46:22,2,1,4,3,5
1/15/2025 12:46:26,2,3,1,5,4
1/15/2025 12:46:26,1,2,4,5,3
1/15/2025 12:46:48,2,4,3,1,5
1/15/2025 12:47:16,5,4,1,3,2
1/15/2025 12:47:22,2,5,1,4,3
1/15/2025 12:47:34,1,5,2,4,3
1/15/2025 12:47:49,1,2,3,4,5
1/15/2025 12:48:20,3,5,1,2,4
1/15/2025 12:48:27,5,1,3,4,2
1/15/2025 12:48:35,1,4,3,5,2
1/15/2025 12:48:57,1,5,2,3,4
1/15/2025 12:49:23,2,3,5,1,4
1/15/2025 12:49:27,4,1,2,5,3
1/15/2025 12:49:40,5,3,2,4,1
1/15/2025 12:49:47,4,5,1,2,3
1/15/2025 12:49:52,1,3,2,4,5
1/15/2025 12:49:54,2,4,5,1,3
1/15/2025 12:50:00,4,3,2,5,1
1/15/2025 12:50:01,3,5,2,1,4
1/15/2025 12:50:12,4,5,1,3,2
1/15/2025 12:50:23,2,3,1,4,5
1/15/2025 12:50:34,1,2,3,4,5
1/15/2025 12:50:35,1,5,4,3,2
1/15/2025 12:50:47,2,5,1,3,4
1/15/2025 12:51:20,5,4,3,2,1
1/15/2025 12:51:21,5,3,2,4,1
1/15/2025 12:51:50,5,1,4,3,2
1/15/2025 12:51:54,1,3,5,2,4
1/15/2025 12:52:45,1,5,3,4,2
1/15/2025 12:54:59,3,4,2,5,1
1/15/2025 13:00:19,1,2,3,5,4
1/15/2025 13:14:57,1,3,2,5,4
1/15/2025 13:30:03,1,3,5,4,2
1/15/2025 13:33:18,1,3,4,5,2
1/15/2025 13:33:50,1,3,2,5,4
1/15/2025 13:34:51,2,3,1,5,4
1/15/2025 13:35:05,1,5,2,3,4
1/15/2025 13:35:32,5,4,2,3,1
1/15/2025 13:36:42,3,2,4,5,1
1/15/2025 13:38:14,1,2,4,5,3
1/15/2025 13:38:35,5,3,4,1,2
1/15/2025 13:39:29,3,4,2,5,1
1/15/2025 13:40:45,2,3,1,5,4
1/15/2025 13:41:34,2,5,3,4,1
1/15/2025 13:41:38,2,3,1,5,4
1/15/2025 13:42:13,4,3,2,5,1
1/15/2025 13:51:24,1,4,2,5,3
1/15/2025 13:51:54,2,3,1,5,4
1/15/2025 14:05:08,3,4,1,5,2
1/15/2025 14:05:58,3,5,2,4,1
1/15/2025 14:06:45,3,2,1,5,4
1/15/2025 14:07:13,1,3,4,5,2
1/15/2025 14:07:28,2,5,1,4,3
1/15/2025 14:07:40,5,2,4,1,3
1/15/2025 14:07:50,2,4,1,5,3
1/15/2025 14:08:03,3,4,1,5,2
1/15/2025 14:08:11,1,5,3,4,2
1/15/2025 14:10:14,3,1,4,2,5
1/15/2025 14:10:27,1,4,2,5,3
1/15/2025 14:10:38,4,2,3,5,1
1/15/2025 14:10:39,5,1,2,4,3
1/15/2025 14:10:44,3,1,4,5,2
1/15/2025 14:10:46,1,4,3,5,2
1/15/2025 14:11:11,1,3,2,5,4
1/15/2025 14:11:31,1,2,3,5,4
1/15/2025 14:11:50,1,5,2,3,4
1/15/2025 14:12:39,5,2,1,4,3
1/15/2025 14:12:48,2,3,4,5,1
1/15/2025 14:13:03,1,3,5,4,2
1/15/2025 14:13:07,1,2,3,4,5
1/15/2025 14:13:50,5,4,3,1,2
1/15/2025 14:19:26,1,3,2,5,4
1/15/2025 14:45:16,4,2,5,3,1
1/15/2025 14:47:31,5,4,1,3,2
1/15/2025 14:49:04,1,3,4,5,2
1/15/2025 14:51:08,5,1,3,4,2
1/15/2025 14:52:26,1,5,2,4,3
1/15/2025 14:54:43,1,3,2,5,4
1/15/2025 14:55:04,1,2,3,4,5
1/15/2025 14:55:17,3,2,1,4,5
1/15/2025 14:57:50,2,5,1,4,3
1/15/2025 14:59:34,5,1,2,3,4
1/15/2025 15:07:05,2,5,4,1,3
1/15/2025 15:07:36,5,3,1,4,2
1/15/2025 15:24:51,2,4,1,5,3
1/15/2025 15:40:18,2,3,1,5,4
1/15/2025 15:42:02,1,4,3,2,5
1/15/2025 15:42:17,5,3,1,4,2
1/15/2025 15:46:21,1,4,5,2,3
1/15/2025 15:49:38,4,3,2,5,1
1/15/2025 15:50:38,3,2,4,1,5
1/15/2025 15:51:30,4,5,3,1,2
1/15/2025 15:57:52,3,4,2,5,1
1/15/2025 15:59:47,3,4,1,5,2
1/15/2025 16:00:26,5,2,4,1,3
1/15/2025 16:09:08,1,4,2,5,3
1/15/2025 16:12:32,3,5,1,4,2
1/15/2025 16:15:03,3,5,1,4,2
1/15/2025 16:17:20,4,5,1,3,2
1/15/2025 16:17:22,2,1,5,3,4
1/15/2025 16:20:25,2,3,1,4,5
1/15/2025 16:25:47,5,2,3,1,4
1/15/2025 16:40:24,1,4,2,3,5
1/15/2025 17:04:42,2,3,4,5,1
1/15/2025 17:05:58,2,5,1,4,3
1/15/2025 17:21:12,5,3,4,2,1
1/15/2025 17:40:00,1,3,2,5,4
1/15/2025 17:47:53,1,4,2,3,5
1/15/2025 17:48:52,5,3,1,4,2
1/15/2025 17:51:09,1,3,2,4,5
1/15/2025 18:16:38,5,1,3,4,2
1/15/2025 18:19:44,2,5,1,4,3
1/15/2025 18:39:43,1,5,2,3,4
1/15/2025 19:04:55,3,1,4,5,2
1/15/2025 19:50:33,4,2,3,5,1
1/15/2025 20:26:19,4,2,1,5,3
1/15/2025 20:55:12,5,1,3,4,2
1/15/2025 21:23:07,1,3,2,4,5
1/15/2025 22:10:18,5,3,2,4,1
1/15/2025 22:36:39,2,4,1,5,3
1/15/2025 22:41:57,4,2,1,5,3
1/15/2025 23:16:37,1,2,4,3,5
1/15/2025 23:31:16,3,4,2,5,1
1/16/2025 0:03:50,4,1,3,5,2
1/16/2025 7:34:01,3,4,1,5,2
1/16/2025 7:49:46,3,4,1,5,2
1/16/2025 7:56:08,3,4,2,5,1
1/16/2025 7:57:26,1,5,2,3,4
1/16/2025 8:02:11,4,3,1,5,2
1/16/2025 8:04:36,2,4,3,5,1
1/16/2025 8:06:03,3,4,2,5,1
1/16/2025 8:06:12,4,2,3,1,5
1/16/2025 8:06:25,2,4,1,5,3
1/16/2025 8:06:50,4,3,5,2,1
1/16/2025 8:06:59,3,2,1,5,4
1/16/2025 8:07:04,4,3,1,5,2
1/16/2025 8:07:34,4,2,3,5,1
1/16/2025 8:07:38,2,3,1,5,4
1/16/2025 8:08:20,3,4,1,5,2
1/16/2025 8:08:28,4,2,3,5,1
1/16/2025 8:08:45,1,2,4,5,3
1/16/2025 8:08:49,5,3,1,2,4
1/16/2025 8:09:18,2,3,1,5,4
1/16/2025 8:09:48,5,3,2,4,1
1/16/2025 8:10:12,4,5,2,3,1
1/16/2025 8:10:23,4,3,2,5,1